author_link_karma,time_to_first_comment,post_localTime,author_gold,author_comment_karma,title,author_account_age,title_length,hot,nsfw,serious,post_utcTime
1,0:00:31,2016-05-14 14:49:52,0,62,"Morning people of Reddit, what makes you get up so early?","449 days, 18:33:48",11,1,0,0,2016-05-14 06:49:52
200,0:01:56,2016-05-14 16:05:55,1,1364,What TV series has the best intro theme?,"73 days, 18:11:15",8,1,0,0,2016-05-14 08:05:55
725,0:02:17,2016-05-14 03:15:26,0,3747,"What was your ""Holy shit I live in the future"" moment?","853 days, 7:40:42",11,1,0,0,2016-05-13 19:15:26
140,0:01:01,2016-05-14 14:58:48,0,15020,What's the most surprising mathematical fact you know?,"1287 days, 0:48:05",8,1,0,0,2016-05-14 06:58:48
1202,0:00:54,2016-05-14 04:13:39,0,1548,What is the dumbest rule at your job?,"945 days, 1:31:58",8,1,0,0,2016-05-13 20:13:39
36055,0:00:00,2016-05-14 15:20:39,1,15586,Redditors who have overdosed - what was it like and how did it change you? Do you still use drugs?,"461 days, 18:50:00",20,1,0,1,2016-05-14 07:20:39
1,0:00:27,2016-05-14 15:04:19,1,9,What thing did you hate the most about school?,"34 days, 16:19:07",9,1,0,0,2016-05-14 07:04:19
135,0:01:04,2016-05-14 11:38:14,1,34304,"If Reddit had Ten Commandments, what would they be?","133 days, 13:44:52",9,1,0,0,2016-05-14 03:38:14
87119,0:00:09,2016-05-14 00:28:33,0,82676,What's something you can tell the rest of to make us totally jealous of you?,"1118 days, 14:54:09",15,1,0,0,2016-05-13 16:28:33
1,0:59:15,2016-05-14 12:41:14,1,48,"Parents of reddit who have ended up with bad people for children, at what point did you realize you had raised a jerk?","250 days, 2:49:09",23,1,0,0,2016-05-14 04:41:14
38911,0:01:43,2016-05-13 21:19:00,0,22111,Whats the dumbest thing you've ever done while high?,"1447 days, 22:45:35",9,1,0,0,2016-05-13 13:19:00
4857,0:01:27,2016-05-14 09:15:14,0,15867,What is the strangest thing you're willing to admit you've typed into the search bar of a porn site?,"888 days, 3:45:06",19,1,1,0,2016-05-14 01:15:14
1,0:00:46,2016-05-13 22:53:20,0,1498,What was the most disturbing thing you ever saw in a kids' movie?,"136 days, 0:34:21",13,1,0,0,2016-05-13 14:53:20
13,0:00:20,2016-05-14 06:18:30,0,248,If you could immediately master one skill what would it be?,"219 days, 0:13:58",11,1,0,0,2016-05-13 22:18:30
5797,0:00:29,2016-05-14 16:55:45,1,15281,What is something that is only enjoyable the first time you do it?,"711 days, 19:53:50",13,1,0,0,2016-05-14 08:55:45
1434,0:11:14,2016-05-14 14:32:22,0,9352,"In honor of Astronomy Day, what's the coolest fact you know about space and the universe?","362 days, 22:47:49",16,1,0,0,2016-05-14 06:32:22
375,0:01:25,2016-05-14 17:35:31,0,7159,Who is your favorite side character in any series?,"1396 days, 9:57:11",9,1,0,0,2016-05-14 09:35:31
5303,0:01:29,2016-05-14 16:03:13,1,2569,What needs to be invented like right now?,"320 days, 14:15:26",8,1,0,0,2016-05-14 08:03:13
16429,0:50:00,2016-05-14 15:57:29,0,2640,"Redditors working at the film industry, what's your story working with Hollywood's famous actors/directors?","970 days, 9:10:34",14,1,0,0,2016-05-14 07:57:29
57,0:01:33,2016-05-14 19:35:21,1,31,Who is the greatest fictional United States president?,"136 days, 16:45:41",8,1,0,0,2016-05-14 11:35:21
1605,0:01:02,2016-05-14 19:44:15,0,32798,What is your favorite little-known movie?,"890 days, 1:17:09",6,1,0,0,2016-05-14 11:44:15
1,0:00:23,2016-05-14 16:36:29,0,0,What car do you currently drive?,"2 days, 23:21:42",6,1,0,0,2016-05-14 08:36:29
1,0:00:58,2016-05-14 16:11:49,0,83,What word is often misused?,"103 days, 16:44:40",5,1,0,0,2016-05-14 08:11:49
468,0:01:04,2016-05-14 15:28:44,0,11531,What movie would be better if remade in a different genre?,"1211 days, 0:01:34",11,1,0,0,2016-05-14 07:28:44
