author_link_karma,post_localTime,author_gold,author_comment_karma,title,author_account_age,title_length,post_id,hot,nsfw,serious,post_utcTime
2,2016-04-21 13:38:08,1,807,Adults from Reddit: What do you regret most from your teenage years?,"238 days, 10:53:01",12,4fsds1,1,0,0,2016-04-21 05:38:08
200,2016-04-21 00:54:49,1,1862,What gets weird if you do it gently?,"249 days, 5:31:11",8,4fpsg8,1,0,0,2016-04-20 16:54:49
681,2016-04-21 12:26:40,0,46988,Gamers of reddit; What is the worst part of your favorite game?,"1298 days, 3:16:47",12,4fs7ge,1,0,0,2016-04-21 04:26:40
304,2016-04-20 22:23:27,1,57283,"What was the ""Once in a lifetime"" thing you witnessed?","824 days, 20:39:42",10,4fp1tt,1,0,0,2016-04-20 14:23:27
122,2016-04-21 04:46:48,0,2641,What issue did you do a complete 180 on?,"951 days, 1:11:23",9,4fqrvp,1,0,0,2016-04-20 20:46:48
1,2016-04-21 13:21:42,0,21,What are the STRANGEST things you've seen on the whole of the internet?,"1 day, 20:08:31",13,4fsc7d,1,1,0,2016-04-21 05:21:42
1,2016-04-21 15:22:53,0,9429,What's the most cringeworthy approval seeking behavior you've ever seen?,"85 days, 11:06:17",10,4fsp6i,1,0,0,2016-04-21 07:22:53
3005,2016-04-21 16:13:43,1,7637,"What is your 0/10 ""would not recommend"" experience?","984 days, 13:47:42",8,4fsw38,1,0,0,2016-04-21 08:13:43
4009,2016-04-21 14:33:57,1,40842,What's weird if you do it with intensity?,"189 days, 8:20:18",8,4fsjl1,1,0,0,2016-04-21 06:33:57
1,2016-04-21 09:57:04,1,4487,What are your favorite subtle ways to fuck with someone?,"43 days, 8:27:55",10,4frtlr,1,0,0,2016-04-21 01:57:04
1,2016-04-20 23:17:34,0,0,What is 1 experience everyone should have at least once?,0:01:36,10,4fpbki,1,0,0,2016-04-20 15:17:34
4317,2016-04-21 01:59:31,1,4054,What haven't you paid for in years?,"656 days, 9:57:47",7,4fq356,1,0,0,2016-04-20 17:59:31
1452,2016-04-20 15:00:29,1,251979,"In what small, meaningless ways do you rebel?","2308 days, 6:53:32",8,4fmyzj,1,0,0,2016-04-20 07:00:29
1,2016-04-20 19:59:25,0,761,Who is your favorite side character on a TV show that isn't in many episodes but continues to appear throughout the series?,"13 days, 0:05:24",22,4fobot,1,0,0,2016-04-20 11:59:25
5264,2016-04-21 15:58:40,1,2268,What smell smells the best?,"376 days, 13:44:51",5,4fsu18,1,0,0,2016-04-21 07:58:40
64605,2016-04-21 16:08:56,1,7028,What life lesson did you learn from your first job?,"1434 days, 15:43:48",10,4fsvep,1,0,0,2016-04-21 08:08:56
242,2016-04-21 06:57:52,0,16732,What sounds like a compliment but isn't one?,"1173 days, 11:16:22",8,4frahv,1,0,0,2016-04-20 22:57:52
2,2016-04-21 14:54:23,1,555,What have you been gilded for?,"229 days, 17:30:59",6,4fsluq,1,0,0,2016-04-21 06:54:23
4822,2016-04-21 14:59:42,1,4591,What is something interesting the average person doesn't notice until it is pointed out?,"372 days, 9:06:03",14,4fsmhe,1,0,0,2016-04-21 06:59:42
4815,2016-04-21 13:09:21,0,1927,"What would make an alien say "" wow, they're really fucked up"" ?","376 days, 12:02:59",13,4fsb4l,1,0,0,2016-04-21 05:09:21
1245,2016-04-20 22:41:37,0,19510,What's something you do that you're not sure if it's normal but are too scared to ask IRL?,"245 days, 6:26:53",18,4fp56k,1,0,0,2016-04-20 14:41:37
668,2016-04-21 13:32:52,0,174,What makes a party a great party?,"296 days, 0:18:27",7,4fsd91,1,0,0,2016-04-21 05:32:52
14311,2016-04-21 17:04:10,0,9146,What is that little voice inside your head telling you to do right now?,"1011 days, 23:10:52",14,4ft3kq,1,0,0,2016-04-21 09:04:10
1,2016-04-20 16:47:55,0,554,"If you woke up finding yourself being 10 years old and everything was just a dream. What would be the most important lesson from this ""dream""?","1421 days, 23:31:39",26,4fne9a,1,0,0,2016-04-20 08:47:55
4,2016-04-21 02:33:19,1,7,What do most people overthink?,"958 days, 2:43:51",5,4fq8ef,1,0,0,2016-04-20 18:33:19
